label,slug,since,signal_days,n,avg_1d_pct,avg_5d_pct,avg_20d_pct,median_20d_pct,market_avg_20d_pct,excess_20d_pp,win_rate_20d_pct,verdict
추세 돌파,trend-breakout,2025-08-06,121,187,0.77,1.97,7.52,-0.44,0.9,6.62,49.2,시장 상회
공매도 비중 상위,short-top,2026-02-26,127,2540,-0.17,-0.08,0.71,-1.24,-2.76,3.47,46.7,시장 상회
기관·외국인 동반 순매수,both-buy,2024-12-03,424,8480,0.19,0.77,3.58,0.35,1.31,2.27,50.7,시장 상회
개인만 받는,retail-only,2024-12-03,424,8478,0.03,0.66,3.42,0.47,1.31,2.11,51.1,시장 상회
정배열 진입 + 외국인·기관 순매수,ma-stack-flow,2024-12-03,381,1604,0.03,0.49,2.92,-0.59,1.08,1.84,48.3,시장 상회
외국인 연속 순매수,foreign-buy-streak,2024-12-05,422,8396,0.29,1.2,3.09,0.57,1.29,1.8,51.5,시장 상회
공매도 비중 급증,short-surge,2026-02-27,126,1886,-0.05,0.32,-1.05,-3.78,-2.75,1.7,40.9,시장 상회
골든크로스 + 외국인·기관 순매수,golden-cross-flow,2024-12-03,404,2246,-0.0,0.59,2.95,0.03,1.41,1.54,50.0,시장 상회
52주 신고가,high-52w,2020-06-26,1514,25814,0.32,0.59,1.57,-3.28,0.21,1.36,42.1,시장 상회
시가총액 상위,market-cap,2020-01-02,1636,32720,0.07,0.34,1.32,0.16,0.38,0.94,50.3,시장 상회
고배당,high-dividend,2020-04-01,1574,31480,0.07,0.33,1.2,0.27,0.47,0.73,51.3,시장 상회
저PER,low-per,2020-04-01,1574,31480,0.08,0.37,1.13,-0.19,0.47,0.66,48.6,시장 상회
대형주 상승률 상위,large-gainers,2020-01-02,1636,32720,0.03,0.24,0.91,-1.54,0.38,0.53,45.1,시장 상회
연속 상승,streak-up,2020-01-06,1634,31990,-0.04,0.17,0.82,-2.74,0.39,0.43,42.3,시장 수준
정배열 진입,ma-stack,2020-06-26,1511,20989,0.03,0.11,0.45,-3.01,0.21,0.24,41.1,시장 수준
박스권 상단 돌파,box-breakout,2020-02-03,1616,30522,0.41,0.24,0.35,-4.98,0.42,-0.07,38.3,시장 수준
안 올랐는데 계속 산,accumulation,2025-01-02,405,5087,0.09,0.03,0.8,-1.84,1.11,-0.31,45.2,시장 수준
가중 모멘텀 상위,momentum-weighted,2025-08-06,261,5220,0.14,0.47,0.6,-6.26,0.95,-0.35,40.2,시장 수준
골든크로스,golden-cross,2020-02-03,1613,29102,-0.0,-0.12,0.01,-2.7,0.4,-0.39,41.6,시장 수준
조용하다 돈이 몰린,dry-surge,2020-02-03,1613,18036,0.09,-0.0,-0.25,-3.48,0.37,-0.62,39.1,시장 하회
신저가 부근 거래대금 급증,low52-surge,2020-06-29,1480,16141,-0.12,-0.19,-0.63,-1.33,0.13,-0.76,43.5,시장 하회
거래대금 상위,value-top,2020-01-02,1636,32720,-0.12,-0.47,-0.42,-3.1,0.38,-0.8,41.7,시장 하회
52주 신저가,low-52w,2020-06-26,1430,14940,-0.23,-0.29,-0.71,-1.43,0.12,-0.83,44.5,시장 하회
12-1 모멘텀 상위,momentum-12-1,2021-01-08,1384,27680,-0.1,-0.43,-1.2,-4.4,-0.2,-1.0,40.6,시장 하회
거래대금 급증,value-surge,2020-01-03,1635,32699,-0.16,-0.65,-0.81,-4.91,0.38,-1.19,37.0,시장 하회
20일선 과열,disparity-hot,2020-01-31,1617,32273,-0.07,-0.36,-0.97,-9.17,0.41,-1.38,35.4,시장 하회
상승률 상위,gainers,2020-01-02,1636,32709,0.74,0.34,-1.01,-7.98,0.38,-1.39,34.5,시장 하회
52주 고점 대비 낙폭 상위,drawdown-52w,2020-06-25,1517,30340,-0.07,-0.27,-1.25,-4.16,0.23,-1.48,38.6,시장 하회
급증 뒤 되돌림,surge-pullback,2020-01-13,1626,23713,0.01,0.09,-1.15,-4.32,0.36,-1.51,36.8,시장 하회
RSI 과매도,rsi-oversold,2020-01-22,1620,31927,-0.28,-0.55,-1.29,-2.37,0.38,-1.67,41.7,시장 하회
올랐는데 계속 판,distribution,2025-01-02,405,7739,-0.11,-0.36,-0.75,-6.48,1.11,-1.86,36.4,시장 하회
갭 상승,gap-up,2020-01-03,1635,32553,0.18,-0.57,-1.97,-6.35,0.38,-2.35,34.6,시장 하회
하락률 상위,losers,2020-01-02,1636,32620,-0.85,-1.08,-2.79,-5.96,0.38,-3.17,36.0,시장 하회
20일선 과냉,disparity-cold,2020-01-31,1617,26995,-0.44,-0.97,-3.18,-5.93,0.41,-3.59,36.7,시장 하회
회전율 상위,turnover,2020-01-02,1636,32702,-0.69,-2.27,-5.4,-10.29,0.38,-5.78,29.1,시장 하회
과열 뒤 갭하락,turnover-gapdown,2020-01-06,1359,4124,-1.57,-3.47,-7.83,-11.27,0.3,-8.13,27.8,시장 하회
